103,mobile,Redmi Note 5,Xiaomi,15000,https://www.91-img.com/pictures/125125-v3-xiaomi-redmi-note-5-pro-6gb-ram-mobile-phone-large-1.jpg
115,tv,Samsung B23,Samsung,49999,"data:image/jpeg;base64,/9j/4AAQSkZJRgABAQAAAQABAAD/2wCEAAkGBxEQEA8QEBAQDxAPDQ8NDQ8OEA8QDw8PFREWFhURFRUYHSggGBolGxUVITEhJSkrLi4uFx8zOjMsNygtOisBCgoKDg0OGBAQGy0dHR0tLS0tLS0rKy0tLS0rKy0tLS0rLSstLS0tLSs3LS0tKy0tLSsrKy0tKysrNSsrLSsyK//AABEIALEBHQMBIgACEQEDEQH/xAAcAAABBAMBAAAAAAAAAAAAAAAAAQIDBAUGBwj/xABOEAACAQICBAkGCwMKBgMAAAAAAQIDBAUREiExUQYTFEFSVJGT0wcXYXGk0RUWIiVydIGSobO0NXXBCDJCRFNzg7Gy0mKClOLw8SQzQ//EABkBAQEBAQEBAAAAAAAAAAAAAAABAgMEBf/EACgRAQACAgECBgICAwAAAAAAAAABAgMREhMxBBQhIkFRMpEFoSNS4f/aAAwDAQACEQMRAD8A7iAAAAAAAAAAAAAAAAAAAAAAAAAAAAAAAAAAAAAAAAAAAAAAAAAAAAAAAAAAAAAAAAAAAHLuEPCi9hfX1Gncyp0qFenTpQjSt3lF2tGo83ODbelUlzlH414h1yfc2fhHop4XJaNw1FJl18DkHxrxDrk+5s/CD414h1yfc2fhGvJ5V4S6+ByD414h1yfc2fhC/GrEOuVO5s/CHk8p05deA5D8asQ65U7mz8IPjViHXKnc2nhDyeQ6cuvAckXCfEOuVO5s/CHLhLiHXKnc2fhE8pkXp2dZA5VHhDfv+u1O6s/CJI47f9dqd1Z+ETyuQ6dnUQOY/Dd/12r3Vn4QfDd/1yr3Vn4Q8tc6VnTgOZrGr7rtXurPwh6xi967W7qy8InlrnSs6SBzj4Xveu1u6svCHrFbzr1burLwidC69GzogHPPhS869W7qy8ET4Uveu1u6svBHQuvQu6IBzz4Tveu1u6svBFWJ3nXa/d2XgjoWOhd0IDn6xK767X7uy8Ed8IXfXq/dWXgk6NjoXb8BoXL7vr1fu7HwR3Lbvr1fu7HwR0bHQu3sDROW3fXq/d2PglzAcQuHeU6VS4qVqdS1uajjUhbxynTqUFFp04ReypLbmZtjtEblm2K1Y3LbwADDmAAAAAAAAAA4xwmXzlif1uj+htihomU4Qr5yxT65S/QWpUUT7Hh5/wAdXppX2wraLDRLWiJoHbk3xV9EckTaImiTZoxRDRJEh6iTa6RwRPFDVAfFDZpJHIlhIhSFMospoeiopD1Jk00si5lZSY5ZmVhK5sa6jFSHKJncNaMVRj4zZJGkSxomeUNaRxkyWGZLCj6CaFIxNoNIoxZIqZOqQ5QM8jSBUh6pk2iBORoxQJcGXzjb/Ur7821GD8Gfzjb/AFK+/NtTnkn2y55vwlugAB5ngAAAAAAAAAAcd4QP5yxT65S/QWpU0i1wiXzlif1yl+gtSlkfVwT7Ie3HHtg/SF0yPIU7ba0lUkLmiEVE2ukyaJIyRXFJMmlnNCZohi2SKJnemuGzk0LmNVNk9OgSbrGNGkSxiy1StWW6VqcrZWoxqEKLZYp2jMlSt0uYtQgtxwtmlrjEMZCxe4nhZPcZOGW4mhkcpyybY2Fn6CWNn6DJxyJM0c5yyxN2MjaegerUyGaDUTqSnJj+TCcnMg8hjHUldqXJw5OWxC85NqjthuGU9HELb02V9+Zal1or2a+cLb6lffmWhecy55vwltQABl88AAAAAAAAAByDHo/OOKfXKX6C1KmgUuGfCHkuL4lTlS4yMrihUzUtGSbsrdbmnsRRteF1Gckp05003lpZqcV6XsZ9PFW3CPR7MWbHFYiZ9WbcQUPQSWtWnUjpU5xqRzybg08nue4nUS8nqiu/WEEaSHKiiXYm9iW1vUkOoVFPXBqX0Wn/AJDcmoRq3Q9W6LCyW2UV65RQ+FSnz1aSW91Ie8xNpXUK6tCWFoS8vtl/+9P7yLNC6oSWca1Jr+8hq9eszM2+l5V+0MLX0E0LcKmMWsMtKvT25fJbml63HPIbccJLSnHPjeM3RpRc2/4drMayT2if0zOWkfMLUKbK+I4rSttFVp6Lnm4pRlJ5LnyWxGs4twxrTeVulRgltejKpL155qP2dprl5UrVp6dSo5Sa1ylJ56ti9R6Mfg729b+kf28uTxlY9K+ro9vwktJZf/Igs+mpx7c1qLVvj9rLZcU1k8vltw/1JHLIRbetxayzXyfldpK8kszpP8fWfmXKPGW+nZLepGa0oOM4vZKLUl2osRRxm1up05aVKcqc9qdOTi2v4mUp8Jr1f1ib1561DP8AFfgea/8AHX37ZdI8VWe7qyiOyNCw3h1UjquKfGrpwShU+1bH+BkqfD61eWlCtBuWT+TFpLfnmeS/hM1Z7NxkrPy2sMynHEKUqTrqrB0ktJ1NJaKXp3P0bTA0+HNo5NN1YZbHKnqa35RbfajlXFe3aOze4ju2liZIwVLhRaT2XFNfT0qf+pIvwuNNZwamt8JKS7UWaWjvGmo9V/NCOSMfKq9zGOsycZXiyLmivav5wtfqV/8AmWhUdRi4RJvEbfPqV9+Zal46c81fZLcgAA+eAAAAAAAAAA81eVT9s4j/AHlv+joGrJmw+Vuvo41iKy/p279komocqe5H1MOetaREuU0mZ2ytpeVKT0qc5U5b4vLP0PeZtcMbrRUc6eaX8/i46b9fN+BqcLn0D43CO3VxW7tVnLX8ZZu5xetW/n1Zy155Z5JeqK1IrqtLbpSz35vMxvKFvJoVc8mdq3rPpDlbl3lk7bEZw59JbpNmRoYnTa+VnF7sv8stpr+mK5nWJTlLPyxanzKb+xe8jljC5oP7ZL3GD0wUy7TkzbxVZL5Lzz157ET07uL1vZnuWS7XrNe0xeMJyXbPO/pp6k3seepZ+8grYi3sTXrZiNMR1Sc12zCxB+pbvT/EijfSUs3Jy5spPUl2GJdcOOZmciwycbpp7W1zZvYWI38vQ1ryzS1avQYN1WySnWM82olmY3aettp717tQ/lmb1vP0Pn9ZhpV0trRE77cm/wACTkiO7cNkp3rScYyyT2xTei8nz6wld6WWSiterLVry9Jrcb70fiSxxBekkZKruWfldaWWtRy1N7c0PhdunLSpynDPbKDcZbc9uZr6xCPpXpyH8tXSLyrJuYbVZ8IbinnoV6qT5m3KPrym2k/UXI8Lr1a+PUt0ZUqT0uxZmkPEF6X6kI8SS5nq9RztXFPeIbjLePl0u28oDySrW+vpUpaOf/LL3mzcE8ao3WIW7pSbasb1zhKLjKGdW1283Y2cLlir5l+JvfkQuuMxWWrLLDbjn31rc8efFiiszV0nPaa8Zd7AAPA4gAAAAAAAAAPLnlh/bmIfSt/0lE0/M2/yxftzEPpW/wCkomm5nevZYS6UQ00RAaNpNW/1Do1MtjZFkKxsWY3T9ZKrlFFIbsO1fEXr8szjrLJRrpjlVRjVMkjU/wDGdI8Vb5Z6UMjpekTjEU41SRSO0Z9s9NO5jMyNyQ3jSTlWKJsw00V3ITMxOVeKd1UNlUz9HqIsxMzE5JlYrCTMTMZmKmZ5NH5hmNDMbDtIVSI2xNIbEukNbGZhmNh2Z0fyB/tWp+7a/wCfQOauR0f+T/LPFqv7tr/n0Dlln2yPRAAB5AAAAAAAAAAB5c8sT+fMQ+lb/pKJpZuvlfg3jmIfTt/0lE090HzZHaseiohRXSluDi2aNEBDlSYrpMbIgmkLk92YsaL3EtOLW3Iqq7y/9ipFlr0L/Ma6S3fiNCFDlLIdxLQ105bsx2DkwGJS3MXXuZqLJo4BHmJma2hwjE0gUibCgxFIXSGwKQ7MYGYD8hrDMNIuwZjZSElPcMbMTYDZ0v8Ak+ftar+7a/51A5mdM/k9/tar+7a351A537D0WAAcQAAAAAAAAAB5o8qtByxrEWsv/st1raX9Uomqq0luj9+JnfLF+3MQ+lb/AKSiaYeilo1DUTDMcjnsyj9+PvGfB1TdH78PeYoMzU2ifhdwy0cOqbo/fh7xyw+puj9+HvMQmGZNwvKGa+D6nRj9+HvF+DavRj3lP3mGTHKRrlBuGY+DKvRh3lP3gsMq7od7S95h9IXTLyg3H0zXwXV6Me9pe8V4RW6MO9pe8wukGmXcG4+mVnhtVc1PvaX+4byKe6n3tL3mM0mGky+jPKGUVhJ9DvaXvF+C5vYqfe0/eYrSYaT3l3BuPpmaeBVZc0O9h/BE8eDFZ/0Yd5/2mv6b3iab3szNmotT6/ts0OCNw9kaf21H/sHfEq66NLvV7jWVVlvY7lM+k+0zuWuWL/Wf22b4kXm6j30fcRPgbef2dPvqXvMAryfSl2sTlU977WOUrvF9T+2e+J15/Z0++pe8X4nXXPGkv8emYFXU+kwV7Nf0n2l3KbxfU/v/AIzj4H3C28R39MinwbqrbO2X+PAxXwhU5pMHidTpP7G0ZXeL6lflgVTp2/8A1FL3m/eQ6wlRxWelKnLSw24y4upCpsrW+3LZtOYrFKvSl2nR/ILdzqYrU0nno4bcZfbWoe4xefRm0016PQYABwcgAAAAAAAAAHBPKV5O8UvMVvLm3teMo1ZUXTnx9tDS0benB/JlNNa4ta1zGl4x5O8TtKMq9zbKlSi4pyde1k85PJJRjNtvN7Ej1NiF9Tt6U61aShTgs5Sf4JLnbepJbTiflFq3mJ2dXEFGdO0pShDDqEU5yrSnNRlWyX/C5fL17o6s3K7kaPhPk4xW6o07ihaOdGrHTpTde2hpRzyz0ZTTWznRb80+NdS9ps/EPR3B62hbWlrbqUcqFtRo6pLW4QUW+1GQ4+HSj2obkeYfNPjXUfabPxA80+NdR9ps/EPTvKYdKPahOVQ6ce1DcjzJ5p8a6l7TZ+IHmnxrqXtNn4h6a5XT6Ue1ByuHSXahykeZfNRjXUvabPxA81GN9S9ps/EPTXK4dJdqF5VDpLtReUjzJ5qMb6l7TZ+IL5qcb6l7TZ+IemuVQ6S7UHKodJdqHKR5RxvgRidnxfKLOquN0tDitC4/m5Z58U5aO1bcs/sKMMCu9srW50VrllRlpZehPaevOUw6S7ULymHSXahyt9jx48Kuua1ucvq9X3GZwbgDit5TdWhZzcFN026kqVB6SSbyjVlFta1ryy7D1VymHSXahOUw6S7UOUjzL5qcb6j7TZ+IHmoxvqXtNn4h6a5VDpLtQcqh0l2ocpHmXzU431L2mz8QPNTjfUfabPxD01yqHSXahOVw6S7UOUjzN5qcb6j7TZ+IHmpxvqPtNn4h6Z5XT6S7UHK6fTj2ocpHmbzVY31L2mz8QPNTjfUfabPxD01yqHTj2oXlMOnHtQ5WHmTzUY11L2mz8Qx2O8AcTsqLr3Nq6dJThTc1Wt6mUpPKKyhNvW9WznPVqrR6Ue1Gt+UqyVzhN/SXypcmlWpqOuTqUmqsUvTnBDlI8+4f5NMWuKVOtRtFUpVYKdOaubRKUX6HUzXqes6F5HOA2I4fiFSvd23E0pWNWip8db1M6jq0pKOUJt7Iy5uYl4D31zhFvaVq6qVMPvYQlU+TJStLmWqWcdsc5fZLPmlqn1+3rxqRjOElOE4qUJRecZRazTTJuRIAAQAAAFWcmQSqPeTzRBOJRFKs977SGVaW99pLUiQTgUa5j2B1L2rB16+dtTelG1UG4zeWt1G5a+fVls1bHLPJqD2OpOWSySbUYpbkopJItSgQyiyrtXdKC16Mc9+SEbW5D5xZFKLKuzk1uHxkty7CDRYuTL6HJZUluQuktyKuTF1jULyhb0luQmktyK2bE1jUHKFnTW5Bxi3IrZMTJjUHJZ41bkJxq3Ir5MNEuoTkscatyDjvQivohosag5LPHehAqq3IraLDRZNQcltVVuXYOVSO5dhT0WOSY0sWhdU47l+A5OO5diKazHpszpeULeUdy7EKoR6MexFVSY9SY0vKFlUo9GPYhXaxfNl6tRFCTLFPMhuEdXDdOM4OpOVOcXCdOpoVac4vU4yjNPNFTgvgFWxc4RueNtZOUqdGcJKdGTefyZuTzW3PP17c28xSLMCSxOksR6GxHIjJQAAK8iGYoFgQyIZABRDIimAARSIpAADAADQAAAgAAAAAAAAAAAAAVCoAAUUAAUVAAU4dEAAmgWaYAZFimWICgZEkR4AAAAAf/9k="
103,mobile,Redmi Note 5,Xiaomi,15000,https://www.91-img.com/pictures/125125-v3-xiaomi-redmi-note-5-pro-6gb-ram-mobile-phone-large-1.jpg
101,mobile,Apple Iphone X,Apple,68000,https://www.91-img.com/pictures/121008-v1-apple-iphone-x-mobile-phone-large-1.jpg
103,mobile,Redmi Note 5,Xiaomi,15000,https://www.91-img.com/pictures/125125-v3-xiaomi-redmi-note-5-pro-6gb-ram-mobile-phone-large-1.jpg

103,Macbook Pro,58000,https://cdn.shopify.com/s/files/1/0121/0014/1114/products/0039353_magnetic-privacy-screen-for-macbook-pro-15-inch-2017-and-macbook-pro-15-inch-2016_1200x.jpg?v=1546600223,Apple,laptop
103,Macbook Pro,58000,https://cdn.shopify.com/s/files/1/0121/0014/1114/products/0039353_magnetic-privacy-screen-for-macbook-pro-15-inch-2017-and-macbook-pro-15-inch-2016_1200x.jpg?v=1546600223,Apple,laptop
103,Macbook Pro,58000,https://cdn.shopify.com/s/files/1/0121/0014/1114/products/0039353_magnetic-privacy-screen-for-macbook-pro-15-inch-2017-and-macbook-pro-15-inch-2016_1200x.jpg?v=1546600223,Apple,laptop
100,Apple Iphone X,65000,https://www.91-img.com/pictures/121008-v1-apple-iphone-x-mobile-phone-large-1.jpg,Apple,mobile
